SampleId,group,newvar
1,a,-0.757960
3,b,-0.363479
5,a,1.010235
7,b,1.342776
9,a,-3.010827
