ClinKey,Age2,var1
18,62,-0.757960151872878
35,40,-0.363479046395881
46,49,1.01023527663283
95,68,-1.34277614897192
96,61,-3.01082767310025
101,42,-0.43358211033337
102,44,-0.450631839129377
146,49,-0.62008093683659
147,46,-1.4177658510598
178,50,0.748408190469596
